MOE_Code;MOE_Name;Address;Contact Person;Telephone;Telephone_Alt1;Telephone_Alt2;Email;Website;Year Opened;Longitude;Latitude;Area Administrative;Locality;Type;Ownership;Sector;School Administrator 1;School Administrator 2
P61101;Aguacate RC Primary;Aguacate Village;Louis Cucul;653-0756;;;aguacaterc@gmail.com;;1950;-89.091994;16.161555;Toledo;Rural;Primary;Catholic Schools;Government Aided;Louis Cucul;Jenella Pop
P12001;All Saints Anglican Primary School;First & Dunn Street, Kings Park;Collin Estrada;223-1390;203-0273;;allsaintsschool@live.com;https://www.allsaintsschool.edu.bz/;1958;-88.19344599;17.50660556;Belize;Urban;Primary;Anglican Schools;Government Aided;Collin Estrada;Ines Berry
P17010;Ambergris Caye Elementary Primary;1 Turtle Street, San Pedro Town;Amanda Burgos;226-2226;;;officeadmins@aces.edu.bz;aces.edu.bz;2010;-87.9772002;17.9061496;Belize;Urban;Primary;Private Schools;Private;Amanda Burgos;Jovani Grajalez
P20401;Armenia Government Primary School;Mile 46 Hummingbird Highway;Clementina Romero;615-5252;;;armeniagovschl@gmail.com;;1993;-88.74495422;17.15552726;Cayo;Rural;Primary;Government Schools;Government;Clementina Romero;Marin Rosado
P29002;Arms of Love Primary;Kontiki Area;Chantel Petzold;;;;principal.armsofloveprimary@gmail.com;;2014;-89.07819206;17.14421006;Cayo;Urban;Primary;U.E.C.B Schools;Government Aided;Iris Cano (Principal);
P41401;August Pine Ridge RC Primary;August Pine Ridge;Blanca Estela Torres;666-2939;303-3288;;bestorres@gmail.com;;2014;-88.7267839;17.9731652;Orange Walk;Rural;Primary;Catholic Schools;Government Aided;;
P27401;Belize Christian Academy Primary;Mile 47 George Price Highway;Carolyn Hulse;822-3048;;;information@belizechristianacademy.com;www.belizechristianacademy.com;2008;-88.7836532;17.277441;Cayo;Rural;Primary;Private Schools;Private;Carolyn Hulse,Minerva Blancaneaux;Sherlee Camal,Jomaira Martinez
P17001;Belize Elementary Primary School;Princess Margaret Drive, Belize City;Majiba Sharp;223-5765;;;bes@btl.net;www.bes.edu.bz;1988;-88.19728079;17.50686001;Belize;Urban;Primary;Private Schools;Private;Majiba Sharp;Iris Tewes
P10302;Belize Rural Primary School;Double Head, Flowers Bank, Rancho, Bermudian Landing;Ardeth McFadzean Kelly - VP;615-8395;;;bzerps@yahoo.com;;2011;-88.5554351;17.5531873;Belize;Rural;Primary;Government Schools;Government;Juliet Roca;
P17005;Bernice Yorke Institute of Learning Primary;#27 Corner St. Thomas & 6th Street;Sherry Ali;223-1876;626-7873;;info@byi.bz;www.byi.bz;1966;-88.2333959;17.5172936;Belize;Urban;Primary;Private Schools;Private;Malaika Yorke, Owner/Technology Director;Tanya Barrow, Owner/Technology Director
P64001;Bethel SDA Primary;Indianville Area Extension  Punta Gorda Town  Toledo District;Simon Acosta;662-1628;629-1720;;bethel.sda.pg@gmail.com;;1990;-88.820455;16.10509;Toledo;Urban;Primary;Adventist Schools;Government Aided;Rose Odinga;Kimberly Tyndall Warrior
P61401;Big Falls RC Primary;Big Falls Village;Gregorio Chee;604-7467;;;bigfallsschool@gmail.com;;2013;-88.8835809;16.25809102;Toledo;Rural;Primary;Catholic Schools;Government Aided;Gregorio Chee;Orpha Garcia
P24450;Billy White SDA Primary;Billy White, Spanish Lookout Area;Esrom Landero;607-2616;;;billywhitesda6072616@gmail.com;;1994;-89.04963713;17.21390186;Cayo;Rural;Primary;Adventist Schools;Government Aided;Esrom Landero;Neptalie Canan
P10401;Biscayne Government Primary;26 Miles Philip Goldson Highway  Biscayne Village  Belize District;Imam Neal;615-7950;;;biscaynegovschool@gmail.com;;2014;-88.4524974;17.7133172;Belize;Rural;Primary;Government Schools;Government;Dorla Wade;
P21009;Bishop O.P. Martin RC Primary;Bullet Tree Road, San Ignacio Town;Abimael Waight;614-1413;;;bishopmartin2001@gmail.com;;2001;-89.0835264;17.1592719;Cayo;Rural;Primary;Catholic Schools;Government Aided;Abimael Waight;Erington Neal
P68470;Blue Creek Mennonite Primary;Blue Creek Village, Punta Gorda, Toledo District;Mervin Amstutz/Daniel Sullivan;670-4689;603-1287;;jordanmennoniteschool@gmail.com;;2014;-89.043886;16.199887;Toledo;Rural;Primary;Mennonite Schools - Church Group;Private;Mervin Amstutz;Daniel Sullivan
P61201;Blue Creek RC Primary;Blue Creek Village;Aurelio Palma;625-8809;;;lelito79@yahoo.com;;2014;-89.04589857;16.19895121;Toledo;Rural;Primary;Catholic Schools;Government Aided;Carlos Chee;
P20201;Buena Vista Government Primary;Buena Vista Village, Spanish Lookout;Ewart Caballero;636-3336;;;buenavista.govschool@gmail.com;;2014;-88.9424006;17.2500862;Cayo;Rural;Primary;Government Schools;Government;Ewart Caballero;Carmencita Blanco
P31402;Buena Vista RC Primary School;Buena Vista Village;Fernando Bobadilla;661-7618;;;czlbuenavistarcs@gmail.com;;1963;-88.52545564;18.23425545;Corozal;Rural;Primary;Catholic Schools;Government Aided;;
P24401;Bullet Tree SDA Primary;Bullet Tree Falls Village;Clarita Ortega Valdez;669-8932;;;claritaortega06@yahoo.com;;1991;-89.11225311;17.16714223;Cayo;Rural;Primary;Adventist Schools;Government Aided;Clarita Valdez (Principal);Delmie Hernandez (Teacher)
P13401;Burrell Boom Methodist Primary;Main Avenue  Burrell Boom Village;Kevin Brooks;225-9024;;;bbmmss2010@yahoo.com;;2014;-88.4034022;17.568794;Belize;Rural;Primary;Methodist Schools;Government Aided;;
P15001;Buttonwood Bay Nazarene Primary School;4649 Coney Drive, Buttonwood Bay, Belize City;Amelia Bencomo;223-1847;631-7132;;bttnwdbynz@gmail.com;;1993;-88.210357;17.5119826;Belize;Urban;Primary;Nazarene Schools;Government Aided;Amelia Bencomo;Avril Budd
P30401;Calcutta Government Primary School;Calcutta Village;Annaese Mendez;665-6563;;;calcuttagovernment2013@gmail.com;;1980;-88.43205515;18.36313497;Corozal;Rural;Primary;Government Schools;Government;;
P34401;Calcutta SDA Primary School;Mile 81 Phillip Goldson Highway;Miguel Hernandez;665-1897;;;calcuttasdaschool@gmail.com;;1935;-88.43864066;18.36272172;Corozal;Rural;Primary;Adventist Schools;Government Aided;;
P31403;Caledonia RC Primary School;Caledonia Village    Corozal District;Sebastian Vargas;667-2874;;;caledonia.rcschool@gmail.com;caledoniaschool.edu.bz.;1890;-88.4739961;18.2295071;Corozal;Rural;Primary;Catholic Schools;Government Aided;;
P19002;Calvary Temple Primary School;60 Regent Street West, Belize City;Georgett Bartley;227-1676;;;calvarytempleschool60@gmail.com;;1952;-88.18978581;17.49719353;Belize;Urban;Primary;Calvary Temple Primary School;Government Aided;;
P40401;Carmelita Government Primary School;Carmelita Village, Orange Walk District;Keith Augustine;665-5106;302-1438;;carmgov@yahoo.com;;2014;-88.5432047;18.0136924;Orange Walk;Rural;Primary;Government Schools;Government;;
P47401;Casey Community Primary School;PO Box 37, Belize City, Gallon Jug;Ozem Briceno;626-1152;;;ozembriceno17@gmail.com;;2014;-89.04644431;17.56066136;Orange Walk;Rural;Primary;Private Schools;Private;Ozem Briceno;Zamily Castillo
P11201;Caye Caulker RC Primary;Avenida Pueblo Nuevo, Caye Caulker;Beatriz Chan;226-0164;668-2985;;ckrrcs@gmail.com;;1965;-88.02636401;17.7387978;Belize;Rural;Primary;Catholic Schools;Government Aided;Beatriz Chan;Teisy Ek
P27101;Cayo Deaf Institute;Central Farm  Cayo District;Peter Neufeld;;;;;;2024;0;0;Cayo;Rural;Primary;Private Schools;Private;;
P16001;Central Christian Primary;166 Freetown Road, Belize City;Kenesha Perry;224-5674;;;centralchristianschoolag@gmail.com;none;1978;-88.19453372;17.50385702;Belize;Urban;Primary;Assemblies Of God Schools;Government Aided;Helen Parker;Kenesha Perry
P30402;Chan Chen Government Primary School;Chan Chen Village  Corozal District  Belize C.A.;Carlos Itzab;665-9221;;;chanchengov@gmail.com;;1972;-88.42791132;18.44027843;Corozal;Rural;Primary;Government Schools;Government;;
P40402;Chan Pine Ridge Government Primary;Chan Pine Ridge Village;Rubiceli Varela;631-3991;;;victorpadron@yahoo.com;;2014;-88.58306788;18.03451029;Orange Walk;Rural;Primary;Government Schools;Government;Victor Padron;Lorena Padron
P49001;Chapel Primary School;Tate Street, Orange Walk Town;Heidi Tejada;637-6344;;;chapelschool2018@gmail.com;;1969;-88.561185;18.08663569;Orange Walk;Urban;Primary;U.E.C.B Schools;Government Aided;;
P52001;Christ the King Anglican Primary;2 Rest House Alley, Dangriga Town;Nancy Flores- Cruz;502-2462;615-7539;614-5564;ctkas16@gmail.com;;2014;-88.2205947;16.971345;Stann Creek;Urban;Primary;Anglican Schools;Government Aided;Nancy Flores-Cruz;
P34001;Christiline Gill SDA Primary School;Port Saul Area;Ever Alfredo Lucas;402-2909;;;cgsda1945@gmail.com;;1945;-88.3928434;18.3961924;Corozal;Urban;Primary;Adventist Schools;Government Aided;;
P31102;Chunox RC Primary School;Chunox Village,  Corozal District,  Belize.;Mario Mesh;650-9754;;;chunoxrc2020@gmail.com;;1931;-88.3585596;18.293324;Corozal;Rural;Primary;Catholic Schools;Government Aided;;
P34101;Chunox SDA Primary School;Chunox Village;Daniel Montalvo;665-9652;;;chunox.sda00@gmail.com;;2000;-88.3549183;18.2931429;Corozal;Rural;Primary;Adventist Schools;Government Aided;;
P59101;Church of Christ Primary;Independence Village;Kennishia Pandy;634-1835;;;cocps05@gmail.com;;2005;-88.41387582;16.53150127;Stann Creek;Rural;Primary;Private Schools;Private;Phyllis Garbutt;
P57102;Coastal Education Center;Main Street  Placencia;Tanya Edwards;;;;coastaleducationcenter.bz@gmail.com;https://www.coastaleducationcenter.bz/;2023;-88.366669;16.513889;Stann Creek;Rural;Primary;Private Schools;Private;;
P57002;Coastland Education Institute Primary;1596 Teddy Cas Street, Dangriga Town / AB Ogaldez Street Dangriga Town;Clarabelle Martinez;608-1461;624-4734;;mpetra47@yahoo.com;;2014;-88.2244213;16.9645352;Stann Creek;Urban;Primary;Private Schools;Private;;
P49402;Compassion UECB Primary School;Yo Creek Village;Manuel Rejon;342-7110;628-0400;;compassionschool89@gmail.com;;2014;-88.64028513;18.09183031;Orange Walk;Rural;Primary;U.E.C.B Schools;Government Aided;Manuel Rejon;
P39402;Concepcion Presbyterian Primary School;Concepcion Village;Christian E. Cobos;423-0332;610-6952;;concepcionpresbschool@gmail.com;;1997;-88.46676247;18.32252938;Corozal;Rural;Primary;Presbyterian Schools;Government Aided;;
P31404;Concepcion RC Primary School;Concepcion Village;Deyfi Perez;621-7223;;;concepcion.rcschool@gmail.com;;1945;-88.46698687;18.32397393;Corozal;Rural;Primary;Catholic Schools;Government Aided;;
P31101;Copper Bank RC Primary School;Copper Bank;Juanita Tzul;637-1979;;;copperbankschool@gmail.com;;1960;-88.3564069;18.3200791;Corozal;Rural;Primary;Catholic Schools;Government Aided;;
P61104;Corazon Creek RC Primary;Corazon Creek Village;Julio Kal;650-9938;;;cal_julio@yahoo.com;;2014;-89.122435;16.053486;Toledo;Rural;Primary;Catholic Schools;Government Aided;Julio Kal;
P48104;Cornerstone Christian School;Camp #5   PO Box 209  Shipyard   Orange Walk;John Friesen;661-1776;;;;;2017;-88.68125143;17.94989913;Orange Walk;Rural;Primary;Mennonite Schools - H&B;Private;;
P39001;Corozal Church of Christ Primary School;Santa Maria Street  Hall's Layout,   Corozal Town;Jose Chan;670-4979;;;chanjose6462@yahoo.com;;1991;-88.3977439;18.3921435;Corozal;Urban;Primary;Corozal Church of Christ Schools;Government Aided;;
P33001;Corozal Methodist Primary School;57 1st Avenue,  Town;Steven Peña;422-2839;;;cormethsch@gmail.com;;1859;-88.3846929;18.3914223;Corozal;Urban;Primary;Methodist Schools;Government Aided;;
P35001;Corozal Nazarene Primary School;5 Fifth Avenue,  Corozal Town;Alice Sierra;600-7471;;;corozalnazareneschool@gmail.com;;2014;-88.3893545;18.3901086;Corozal;Urban;Primary;Nazarene Schools;Government Aided;;
P60102;Crique Jute Government Primary;Crique Jute Village;Maria Bejerano;630-1922;;;criquejutegovtschool@gmail.com;;1979;-89.016066;16.272375;Toledo;Rural;Primary;Government Schools;Government;Maria Bejerano;
P31405;Cristo Rey RC Primary School;Cristo Rey Village  Corozal Distict  Belize C.A.;Carmita C Chan;662-5251;;;cristoreyr.c@gmail.com;;2014;-88.49621509;18.34813114;Corozal;Rural;Primary;Catholic Schools;Government Aided;Carmita Chan;
P21201;Cristo Rey RC Primary School-CYO;Cristo Rey, Cayo;Ronnie Ulloa;621-4584;;;cristoreyrcschool@gmail.com;;2013;-89.05491947;17.13238108;Cayo;Rural;Primary;Catholic Schools;Government Aided;Ronnie Ulloa;Arcelia Pech
P10301;Crooked Tree Government Primary;Crooked Tree Village;Vero Lauriano;600-7335;;;crookedtreegovtschool@yahoo.com;;1951;-88.53620898;17.77630954;Belize;Rural;Primary;Government Schools;Government;Winnie GIllett;Kathie Gillett
P13002;Ebenezer Methodist Primary School;117 Barrack Road, Belize City;Gaynor Munnings;224-4558;627-5113;;ebenezerschool.meth1856@gmail.com;;1856;-88.18624379;17.50070994;Belize;Urban;Primary;Methodist Schools;Government Aided;Gaynor Munnings;Nelma Sampson Belisle
P24001;Eden SDA Primary;Cor. Carmen & Salazar St., Santa Elena;Sharon Lopez;671-4952;671-0525;;edensdaprimary15@gmail.com;;2014;-89.054542;17.163534;Cayo;Urban;Primary;Adventist Schools;Government Aided;Tharine Gabourel;Aurora Hernandez
P47102;Edenthal Kleinegemeinde School;Quatro Leguas  Orange Walk District;Gerald Kornelsen;;;;edenthalkleingemeindeschool@gmail.com;;1978;-88.9795013;17.93058863;Orange Walk;Rural;Primary;Mennonite Schools - Church Group;Private;Isaac Bergen;Dennis Kornelsen
P20104;El Progresso Community Primary School;7 Miles Mountain Pine Ridge Rd;Brian Watson;663-1537;;;elprogressocommunityschool@gmail.com;;2014;-88.95346121;17.10021099;Cayo;Rural;Primary;Government Schools;Government;Brian Watson;Jose Medina
P24002;El Shaddai SDA Primary;1 Macal Street, Belmopan;Esmi Correa;802-0391;;;elshaddaistaff@btl.net;;1998;-88.76700135;17.25770303;Cayo;Urban;Primary;Adventist Schools;Government Aided;Esmi Correa;
P14002;Ephesus SDA Primary;1 Wilson Street, Belize City;Carol Collins;623-9997;;;ephesusprimaryschool@gmail.com;;1992;-88.1899488;17.5028534;Belize;Urban;Primary;Adventist Schools;Government Aided;Velda Jesse;
P53001;Epworth Methodist Primary;119 Corner Commerce & Dr. Alley;Felisha Zuniga;615-3047;;;epworthmethodist55@gmail.com;;2014;-88.22204658;16.96934443;Stann Creek;Urban;Primary;Methodist Schools;Government Aided;Gilda Wagner;Patricia Usher
P28104;Evangelical Mennonite Mission Church School;Spanish Lookout;Dayna Wutke;615-3547;;;emmcschoolprincipal@gmail.com;;2007;-89.03521981;17.26657853;Cayo;Rural;Primary;Mennonite Schools - Church Group;Private;Shannel Tejeda;
P61407;Fabian Cayetano RC Primary;Bladen Village, Toledo District;Hilaria Ramos;665-2588;613-2505;;FabianCayetanoRC@gmail.com;;2013;-88.62242232;16.47377481;Toledo;Rural;Primary;Catholic Schools;Government Aided;Mrs. Hilaria Ramos;Ms. Trishia Lofter
P25002;Faith Nazarene Primary;4 George Street, San Ignacio Town;Lavern Flowers;804-3320;;;faithnazcyo@gmail.com;;1993;-89.0718259;17.1593016;Cayo;Urban;Primary;Nazarene Schools;Government Aided;Maria Ruiz (Principal);Shelan Humes (Vice Principal)
P41005;Fel Briceno Academy Primary;San Lorenzo  Orange Walk District;;;;;;;2022;-88.57711709;18.09972918;Orange Walk;Urban;Primary;Catholic Schools;Government Aided;;
P40104;Fire Burn Government Primary;Fireburn Village;Rubiceli Varela;629-6237;;;fireburngov@gmail.com;;2014;-88.388234;17.971149;Orange Walk;Rural;Primary;Government Schools;Government;;
P31499;Fire Burn RC Primary School;Fire Burn Community;Luis Ack;625-6458;;;fireburn.rc@gmail.com;;2001;-88.430817;18.387728;Corozal;Rural;Primary;Catholic Schools;Government Aided;;
P63401;Forest Home Methodist Primary;Forest Home Village;Deborah Borland;654-2268;;;foresthomemeth@gmail.com;;2014;-88.82907736;16.13512765;Toledo;Rural;Primary;Methodist Schools;Government Aided;Deborah Borland;Dorita Ranguy
P20301;Frank's Eddy Government Primary;37 1;Brenda Guillen;601-2323;;;frankseddygovernmentschool@yahoo.com;;1985;-88.63460039;17.25571545;Cayo;Rural;Primary;Government Schools;Government;Brenda Guillen;Kendra Arnold
P19095;Friends Boys School;Central American Boulevard, Belize City;Frank Tench;227-0449;;;friendsboysschool@btl.net;;1993;-88.1917448;17.4910072;Belize;Urban;Primary;Private Schools;Specially Assisted;;
P10101;Gales Point Government Primary;Main Street, Gales Point Village;Shermadine Samuels;655-2562;;;galespointsgovbz@gmail.com;;2014;-88.33069856;17.1759659;Belize;Rural;Primary;Government Schools;Government;Lenford Palacio;Shermadine Samuels
P20003;Garden City Primary;Hummingbird Avenue, Mountain View Area;Kevin Hall;822-3791;615-0523;628-0523;gardencity_primaryschool@yahoo.com;;2008;-88.76885633;17.24135329;Cayo;Urban;Primary;Government Schools;Government;Kevin Hall;Paul Chun
P28203;Garden Valley Mennonite School;Springfield Community  PO Box 123, Belmopan;Ivan martin / Andrew Beiler;;;;;;2014;-88.81521537;17.14397309;Cayo;Rural;Primary;Mennonite Schools - H&B;Private;Ivan Martin;Andrew Beiler
P60104;Golden Stream Government Primary;Golden Stream Village;Doret Garbutt;621-6702;;;goldenstreamgovschool@gmail.com;;2014;-88.79922442;16.35095604;Toledo;Rural;Primary;Government Schools;Government;Doret Garbutt;Lawrence Usher
P19003;Grace Primary School;14 Amara Avenue;Dyann Garnett;227-3430;227-5657;;graceprimary07@yahoo.com;;1950;-88.19180459;17.49431009;Belize;Urban;Primary;Christian Brethren;Government Aided;Morna Gillett Sheppard;Ruby Perriott
P60106;Graham Creek Government Primary School;Graham Creek Village;Jose Cuc;661-1719;;;grahamcreekgov@gmail.com;;2001;-89.12791;15.93168;Toledo;Rural;Primary;Government Schools;Government;Arci Cal;
P28105;Green Hills Mennonite Primary;Green Hills Community;Peter Penner;;;;;;2014;-88.975459;17.097822;Cayo;Rural;Primary;Mennonite Schools - H&B;Private;;
P11402;Guadalupe RC Primary;Sandhill Village, 17.5 miles Phillip Goldson Highway;Esther Nal Requena;614-9048;;;guadalupercschool@hotmail.com;;2014;-88.3689477;17.6283615;Belize;Rural;Primary;Catholic Schools;Government Aided;Esther Requena;Melanie Torres
P49403;Guinea Grass Pentecostal Primary;Guinea Grass Village  Orange Walk District;Noe Lopez;303-1031;660-6536;;noelopz74@gmail.com;;1999;-88.59758867;17.96526293;Orange Walk;Rural;Primary;Guinea Grass Pentecoastal Schools;Government Aided;;
P41402;Guinea Grass Roman Catholic Primary School;Guinea Grass Village;Angela Jimenez;303-1028;;;guineagrass20@gmail.com;;2014;-88.59735397;17.96684204;Orange Walk;Rural;Primary;Catholic Schools;Government Aided;;
P50001;Gulisi Community Primary;Monument Site, Dangriga Town;Karol Ellis;613-8963;;;junall057@gmail.com;;2007;-88.24126268;16.96199367;Stann Creek;Urban;Primary;Community Schools;Government Aided;Venancia Flores;Marsha Mejia
P10402;Hattieville Government Primary;115 Sylvestre Blvd, Hattieville Village;Gwendolyn Usher;225-6127;225-6014;;hattievillegovernment@yahoo.com;;2014;-88.3934689;17.4485986;Belize;Rural;Primary;Government Schools;Government;;
P14450;Hattieville SDA Primary;Hattieville Village;Sharlette Belisle-Jacobs;630-5823;;;hattievillesdaschool@gmail.com;https://www.facebook.com/hattieville.sda;1989;-88.392619;17.462312;Belize;Rural;Primary;Adventist Schools;Government Aided;;
P20105;Hidden Paradise Government Primary;Duck Run 3, Spanish Lookout Area;Noemi Pott Gonzalez;613-0189;;;hiddenparadisegovernment@gmail.com;;2003;-89.03432585;17.26126489;Cayo;Rural;Primary;Government Schools;Government;Noemi Gonzalez;
P28207;Hill Top Primary School;Lower Barton Creek;Henry Reddicopp;;;;;;2014;-88.93065782;17.15349771;Cayo;Rural;Primary;Mennonite Schools - H&B;Private;;
P24003;Hills of Promise Primary;Corner George Price Blvd & Said Musa Street;Thiffany Salas;670-3766;;;hillsofpromisesda@yahoo.com;;2014;-89.133134;17.07513652;Cayo;Urban;Primary;Adventist Schools;Government Aided;Thiffany Salas;Delmy Rosales
P28206;Holland Mennonite Primary School;P.O. Box 21 San Ignacio, Cayo District, Belize  Holland Community;Abraham Lowen;;;;;;2014;-89.018079;17.277425;Cayo;Rural;Primary;Mennonite Schools - H&B;Private;Abraham Lowen;
P51401;Holy Angels RC Primary;12 miles SC Valley Road, Pomona;Esan Gutierrez;502-3202;;;holyangelspom@gmail.com;;2014;-88.37536845;16.99309444;Stann Creek;Rural;Primary;Catholic Schools;Government Aided;Sadie Asevedo;Esan Gutierrez
P12009;Holy Cross Anglican Primary School;San Mateo, Ambergris Caye;Rodney Griffith;226-3456;;;holycrossschool@hcmail.bz;;2007;-87.95800778;17.93204994;Belize;Urban;Primary;Anglican Schools;Government Aided;;
P21102;Holy Cross RC Primary;Calla Creek Village;Aide Herrera;620-3590;;;holycrosscallacreek@yahoo.com;;2014;-89.13376266;17.12512502;Cayo;Rural;Primary;Catholic Schools;Government Aided;Aide Herrera;Marian Noble
P51303;Holy Family RC Primary;Hopkins Village, SC District;Barbara Nunez;607-6094;613-9919;;holyfamily518@gmail.com;;1997;-88.28384546;16.858705;Stann Creek;Rural;Primary;Catholic Schools;Government Aided;Natasha Acosta;Hilton Rodriguez
P51002;Holy Ghost RC Primary;Rail Way Pier Road, Dangriga;Dora Sabal;615-7517;;;holyghostdangriga@gmail.com;;2014;-88.22036542;16.95834961;Stann Creek;Urban;Primary;Catholic Schools;Government Aided;Dushinka lopez;Ercelia Wagner
P11001;Holy Redeemer RC Primary;144 North Front Street    P.O. Box 616    Belize City, Belize;Leticia Waight;227-0959;;;hrpschool@yahoo.com;;2009;-88.18728754;17.49672389;Belize;Urban;Primary;Catholic Schools;Government Aided;Leticia Waight;Marixa Guerra
P53401;Hope Creek Methodist Primary;Hope Creek Methodist School    Hope Creek Village  7 Miles Stann Creek Valley Road  Stann Creek District  Belize  Tel – 542-2010;Patricia Usher;542-2010;;;hopecreekmethodistschool@yahoo.com;;2014;-88.3134707;17.0027292;Stann Creek;Rural;Primary;Methodist Schools;Government Aided;Gladys Jackson;Sandra Zuniga
P17401;Horizon Academy Primary;3 miles Phillip Goldson Highway;Victoria Burgos Peres;223-2765;;;principal@horizonacademy.edu.bz;https://horizonacademy.edu.bz/;2009;-88.229091;17.51737736;Belize;Urban;Primary;Private Schools;Private;Dian Meheia;
P25001;Howard Smith Nazarene Primary;Juanito Gongora Street;Marconi Cano;803-3202;600-3361;;howardsmithnazarene@yahoo.com;;1995;-89.1337927;17.073336;Cayo;Urban;Primary;Nazarene Schools;Government Aided;Marconi Cano ( Principal);
P58450;Hummingbird Christian Mennonite Primary;25.5 miles Hummingbird Highway;Jason Kelp;615-7659;;;jmk28bz@gmail.com;;2014;-88.5382091;17.04859458;Stann Creek;Rural;Primary;Mennonite Schools - Church Group;Private;Jason Kropf;
P17009;Hummingbird Elementary Primary;24 Newtown Barrack, Belize City;Jamuna Vasquez;224-5383;;;jamunavasquez@hotmail.com;hummingbirdelementarybelize.com;1983;-88.1881624;17.5091307;Belize;Urban;Primary;Private Schools;Private;Cindy Cain;
P20101;Iguana Creek Government Primary;Selena Village;Melissa Harris/Marion Watson;622-8142;;;iguanacreek97@gmail.com;;1985;-88.98886432;17.29344996;Cayo;Rural;Primary;Government Schools;Government;;
P21401;Immaculate Conception RC Primary;Bullet Tree Falls Village;Victor Daniel Pott;844-4060;;;immaculateconception604@gmail.com;;2014;-89.1118166;17.17028661;Cayo;Rural;Primary;Catholic Schools;Government Aided;Victor Daniel Pott;Lloyd Martinez
P50103;Independence Primary;Independence Village, SC District;Clint Foreman;523-2506;;;independenceprimaryschool@gmail.com;;1993;-88.41500479;16.53484501;Stann Creek;Rural;Primary;Government Schools;Government;Clint Coleman;Jose Funez
P40101;Indian Church Government Primary;Indian Church Village,  Orange Walk District;Ms. Sonia Tun;663-8668;;;indianchurchgovsch@gmail.com;;2014;-88.65842716;17.75312214;Orange Walk;Rural;Primary;Government Schools;Government;Eutemio Magania;Sonia Tun (663-8668)
P48101;Indian Creek Mennonite Community Primary;P.O Box 45  Indian Creek;Johan Thiessem;;;;;;2014;-88.65705387;17.75309404;Orange Walk;Rural;Primary;Mennonite Schools - H&B;Private;Johan Thiessen;Wilhelm Harder
P61202;Indian Creek RC Primary;Indian Creek Village;Primotivo Co;605-3633;;;indiancreekrc79@gmail.com;;2014;-88.832219;16.312807;Toledo;Rural;Primary;Catholic Schools;Government Aided;Ms. Miguelina Mendez;
P18450;Isabella Harmony Primary;PO Box 596 Belize City/ Isabella Bank;Justin Goff;622-6711;;;isabella.schrock@gmail.com;;2014;-88.538209;17.579366;Belize;Rural;Primary;Mennonite Schools - Church Group;Private;;
P61107;Jalacte RC Primary;Jalacte Village;Omar Requena;629-9181;;;jalacterc@gmail.com;;1983;-89.202056;16.203971;Toledo;Rural;Primary;Catholic Schools;Government Aided;Floriano Chun;
P14001;James Garbutt SDA Primary;21 Albert Street West, Belize City;Maren Moralez;207-2769;;;jamesgarbuttsda@yahoo.com;;1954;-88.1886479;17.4892637;Belize;Urban;Primary;Adventist Schools;Government Aided;Mrs. Sandra Carr;Sofia Tosta
P28301;Jireh Fundamental Education;Spanish Lookout;Tina Perez / Katie Salazar;671-0477;671-1986;;jirehfe@yahoo.com;;2001;-89.0026375;17.2144427;Cayo;Rural;Primary;Mennonite Schools - Spanish Lookout;Private;Tina Perez;katie Salazar
P68460;Jordan Mennonite Primary;Jordan Village /PO Box 35, Punta Gorda;Howard Kropf;603-1287;;;belizehomefeeling@gmail.com;;2014;-89.016545;16.151895;Toledo;Rural;Primary;Mennonite Schools - Church Group;Private;Mervin Amstutz;
P57001;Kids First Child Development Center Primary;7 Rice Street  Dangriga;Carla Thompson;502-0272;;;kidsfirst82@yahoo.com;;2000;-88.22381549;16.97261741;Stann Creek;Urban;Primary;Private Schools;Private;Carla Thompson;
P20004;Kuxlin Ha Government Primary;Masaan St.  Maya Mopan  Belmopan;Shirline Wiltshire;663-6142;;;kuxlinha@gmail.com;;2007;-88.75091571;17.24511902;Cayo;Urban;Primary;Government Schools;Government;Gilberto Chulin Jr. (Vice-Principal);Marlin Muslar (Vice-Principal)
P20404;La Gracia Government Primary;La Gracia Village, Yalbac Area,Cayo;Noemi Westby;660-8563;660-9696;;lagraciagovtschool@gmail.com;;1993;-88.93366512;17.3538976;Cayo;Rural;Primary;Government Schools;Government;Noemi Westby;Ismael Meighan
P41003;La Inmaculada RC Primary;3 Church St., Orange Walk Town;Lenny Umana;322-3450;;;lainmacualadarcschool@yahoo.com;;2013;-88.55877801;18.07972456;Orange Walk;Urban;Primary;Catholic Schools;Government Aided;;
P21101;La Inmaculada RC Primary-CYO;Arenal Village;Oscar Rene Guerra;621-8200;;;lainmaculada1967@gmail.com;;1964;-89.14862;17.02302;Cayo;Rural;Primary;Catholic Schools;Government Aided;Oscar Guerra (Principal);
P17002;La Isla Bonita Elementary Primary;Cormorant Street, San Pedro;Hector Trejo;226-3754;;;teacherhectorteaches2020@gmail.com;IslaBonitaElementarySchool.com;2000;-87.96043406;17.92448925;Belize;Urban;Primary;Private Schools;Private;;
P17201;La Isla Carinosa Academy Primary;46 Travellers Palm Street  Caye Caulker;Alberto August / Valerie August;607-4114;;;principal@licaacademy.com;;2015;-88.0261763;17.7397693;Belize;Rural;Primary;Private Schools;Private;;
P19401;Ladyville Evangelical Primary;10  1/4  Miles Phillip Goldson Highway;Elia Lucia Chi;225-2223;;;ladyvillevangelical@yahoo.com;;1965;-88.3101871;17.5560136;Belize;Rural;Primary;U.E.C.B Schools;Government Aided;;
P14451;Ladyville SDA Primary;Corner Mamie & Perez St., Ladyville;Idelfonso Acosta;205-2409;613-5886;;ladyvillesdasch.adm@gmail.com;;2014;-88.2956856;17.5512126;Belize;Rural;Primary;Adventist Schools;Government Aided;Gloria Alvarez;
P60201;Laguna Government Primary;Laguna Village;Belinda Ann Coleman;654-2526;;;lagunagovtsch@gmail.com;;2014;-88.938926;16.166292;Toledo;Rural;Primary;Government Schools;Government;Belinda Ann Coleman;Marisela Requena
P33401;Libertad Methodist Primary School;Libertad Village;Marie Nunez;667-9232;;;libertadmethodist@gmail.com;;1954;-88.45572296;18.30502436;Corozal;Rural;Primary;Methodist Schools;Government Aided;;
P31406;Libertad RC Primary School;Libertad Village;Esteban Pasos;600-5118;;;libertadrcs@gmail.com;;1930;-88.4548;18.30565;Corozal;Rural;Primary;Catholic Schools;Government Aided;;
P34402;Libertad SDA Primary School;Libertad Village;Anjony Canul;634-4982;;;adilibskul@gmail.com;;2014;-88.4546444;18.30507008;Corozal;Rural;Primary;Adventist Schools;Government Aided;;
P59401;Light of the Valley Baptist Primary;18.5 miles Stann Creek Valley Road;Desiree Pascual;606-8397;;;schoolleader@lotvbs.edu.bz;;2014;-88.4501321;17.0026135;Stann Creek;Rural;Primary;Baptist Schools;Government Aided;;
P48402;Lighthouse Mennonite Primary School;San Antonio Road  Orange Walk;Mary LaRochelle;668-2912;;;dkm1995@gmail.com;;2014;-88.5732989;18.0805329;Orange Walk;Urban;Primary;Mennonite Schools - Church Group;Private;Jon Stutzman;Mary LaRochelle
P47101;Linda Vista Primary;Linda Vista, PO Box 2, OW Town;Nancy Rempel;323-0204;670-6590;;lvsbluecreek@gmail.com;https://lindavistaschool.wixsite.com/belize;2014;-88.90067932;17.89792183;Orange Walk;Rural;Primary;Mennonite Schools - Church Group;Private;Nancy Rempel;
P38401;Little Belize Mennonity Community Primary;-;Wilhelm Thiessen;655-5699;;;;;2014;-88.404742;18.20905;Corozal;Rural;Primary;Mennonite Schools - H&B;Private;;
P61403;Little Flower RC Primary;Forest Home Village;Mateo Palma;613-3776;;;littleflowerrc2020@gmail.com;;2014;-88.822948;16.135152;Toledo;Rural;Primary;Catholic Schools;Government Aided;Julieta Paquiul;
P17007;Living Hope Preparatory School;7088 Maskall Street, Racoon Street Extension;Rev. Natalie Dawn Bowen;207-0139;;;livinghopesch@yahoo.com;;2003;-88.202257;17.492866;Belize;Urban;Primary;Private Schools;Private;Terri Westby;
P60401;Living Word Primary;Boom Creek Village, PO Box 90, PG;Omar Selgado;632-7820;;;livingwordgovtschool@gmail.com;;2014;-88.910636;16.076112;Toledo;Rural;Primary;Government Schools;Government;Ruth Coleman;Alice Mangar
P20102;Los Tambos Government Primary;Los Tambos Village;Demetria Lilia Reyes;650-9998;;;lilsreyes@yahoo.com;;2014;-89.0089457;17.3273833;Cayo;Rural;Primary;Government Schools;Government;Demetria Lilia Reyes;Steven Zuniga
P40001;Louisiana Government Primary;Corner Zericote & Flamboyant Street;Deborah Palacio;322-2684;;;palaciodeborah@yahoo.com;;1988;-88.56283762;18.0729626;Orange Walk;Urban;Primary;Government Schools;Government;;
P31407;Louisville RC Primary School;Louisville Village;;602-0415;;;louisvillercschool@gmail.com;;1954;-88.50963896;18.31995322;Corozal;Rural;Primary;Catholic Schools;Government Aided;;
P28205;Lower Barton Creek Primary;Lower Barton Creek;Henry Thiessen;;;;;;2014;-88.93294814;17.15643653;Cayo;Rural;Primary;Mennonite Schools - H&B;Private;Henry Reddicopp;
P10201;Lucky Strike Government Primary;30.5 miles Old Northern Highway;Janeen St. Benard;615-5342;;;luckystrikegovernment@gmail.com;;1939;-88.32019553;17.78191457;Belize;Rural;Primary;Government Schools;Government;Janeen St. Bernard;
P60205;Mabil Ha Government Primary;Mabilha Village;Arci Cal;620-7944;;;mabilhagov20@gmail.com;;2014;-89.088083;16.101889;Toledo;Rural;Primary;Government Schools;Government;Jose Cuc;
P61109;Machakilha RC Primary;Machakilha Village;Desiderius Bol;6307700;;;desbol983@gmail.com;;2014;-89.190573;15.941495;Toledo;Rural;Primary;Catholic Schools;Government Aided;Desiderius Bol;
P63402;Mafredi Methodist Primary;Mafredi Village;Nolberto Rodriguez;608-0709;;;mafredimeth@gmail.com;;2014;-88.99248725;16.24439481;Toledo;Rural;Primary;Methodist Schools;Government Aided;Mr. Nolberto Rodriguez;Mr. Leon Coc
P31003;Mary Hill RC Primary School;San Andres Road,  Town;Guillermo Pech;402-2567;;;maryhillrc@gmail.com;;1977;-88.4021072;18.3894977;Corozal;Urban;Primary;Catholic Schools;Government Aided;;
P50301;Maya Mopan Government Primary;Maya Mopan Village  Stann Creek District;Magnolia Pop;635-8611;;;mopanprimay@gmail.com;;2000;-88.5208443;16.6609704;Stann Creek;Rural;Primary;Government Schools;Government;Ewart Caballero;
P60203;Medina Bank Government Primary;36 miles Southern Highway, Medina Bank;Augustine Lara;631-9997;662-9821;;medinabk.gov@gmail.com;;2014;-88.74388;16.442099;Toledo;Rural;Primary;Government Schools;Government;Howard Reyes;
P48103;Mennoniten Gemeinde Indian Creek School;Camp 57  Indian Creek;Lisa Friesen;666-6721;;;;;2017;-88.72056945;17.74117774;Orange Walk;Rural;Primary;Mennonite Schools - H&B;Private;;
P60103;Midway Government Primary;Midway Village;Primo Tush;625-4090;;;cousintush@gmail.com;;2014;-88.955322;16.0617295;Toledo;Rural;Primary;Government Schools;Government;Vicente Bolon;
P20103;More Tomorrow Government Primary;More Tomorrow Village    Cayo District;Dominina Pop;615-5017;662-6347;;;;2014;-88.69517;17.34869;Cayo;Rural;Primary;Government Schools;Government;Sara Cobb;
P57003;Moriah Learning Center Primary;Independence Village  Stann Creek District;Melva McDonald;610-9649;;;marthann40@yahoo.com;;2024;-88.4172767;16.5328038;Stann Creek;Rural;Primary;Private Schools;Private;Melva McDonald;
P17011;Mother of Mercy Montessori Primary School;2 1/2 Miles Philip Goldson Highway;;223-7073;;;mercymontessoribz@gmail.com;;2021;-88.21858767;17.51318904;Belize;Urban;Primary;Catholic Schools;Private;;
P21002;Mount Carmel Primary;10 Diaz St., Benque Viejo del Carmen;Melvin Manzanero;8233103;;;mountcarmelprimary@yahoo.com;;1963;-89.13788282;17.0739982;Cayo;Urban;Primary;Catholic Schools;Government Aided;Melvin Manzanero (Principal);Cordelia Cooch (Secretary)
P28103;Mountain View Mennonite Primary School;Bird Walk Community;Samuel Cal & David Penner;;;;;;2014;-89.08034405;17.1524776;Cayo;Rural;Primary;Mennonite Schools - H&B;Private;Samuel Kal;
P19004;Muslim Community Primary;Corner Central American Blvd & Faber's Rood  Belize City  Belize;Martha Sacasa;227-5589;;;muslimschoolprincipal@gmail.com;;1978;-88.200574;17.48878;Belize;Urban;Primary;Sister Clara Muhammed;Government Aided;;
P60101;Na Luum Ca Government Primary School;Na Luum Ca Village;Abelino Oh;651-0819;;;naluumcagovernmentschool@gmail.com;;2014;-89.080682;16.286352;Toledo;Rural;Primary;Government Schools;Government;Primo Tush;
P48202;Neuland Mennonite Community Primary;-;;;;;;;2014;-88.24238329;18.05893038;Orange Walk;Rural;Primary;Mennonite Schools - H&B;Private;;
P58401;Neuland Mennonite Community Primary;Neuland Community  Stann Creek District;Abram Friesen;;;;;;2014;-88.52049277;16.59078489;Stann Creek;Rural;Primary;Mennonite Schools - H&B;Private;Abram Friesen;
P14003;New Horizon SDA Primary School;Escalante Subdivision  San Pedro Town  Belize C.A;Elizabeth Sansores;2062552;;;newhorizonsanpedro@gmail.com;;1997;-87.978804;17.903028;Belize;Urban;Primary;Adventist Schools;Government Aided;;
P20106;New Life Government Primary-CYO;Duck Run 1 Village  Spanish Lookout  Cayo District;Benedicto Mengibar;601-7802;;;newlifegov2004@gmail.com;;2004;-89.0195925;17.2195085;Cayo;Rural;Primary;Government Schools;Government;Ben Menjibar;
P49003;New Life Presbyterian Primary;Holy Trinity & Tate Street;Ruth Ku;610-6019;;;newlifeschool8@gmail.com;;2014;-88.5626669;18.0928431;Orange Walk;Urban;Primary;Presbyterian Schools;Government Aided;;
P41403;Nuevo San Juan RC Primary;Nuevo San Juan Village;Isaias Blanco;624-3782;;;elisagrisalamilla@gmail.com;;2013;-88.578292;18.226415;Orange Walk;Rural;Primary;Catholic Schools;Government Aided;Isaias Blanco;
P29401;Ontario Christian Primary;56 miles George Price Highway;Sandra Escalante;802-2951;671-0971;;ontariochristianschool92@yahoo.com;;1981;-88.8899186;17.2265739;Cayo;Rural;Primary;Ontario Christian;Government Aided;Abelinda Valdez;Alpha Ramos
P61301;Our Lady of Bella Vista RC Primary;Bella Vista Village;Vincent Nunez;670-3258;;;ladyvista2020@gmail.com;;1996;-88.5340734;16.5093409;Toledo;Rural;Primary;Catholic Schools;Government Aided;Saira Gutierrez;Nehemiah Chub
P41201;Our Lady of Fatima RC Primary;Douglas Village;Gilgardo Arcurio;6316482;;;e.fabianrodriguez36@gmail.com;;2014;-88.567239;18.08223;Orange Walk;Urban;Primary;Catholic Schools;Government Aided;;
P21405;Our Lady of Fatima RC Primary-CYO;Roaring Creek Village;Marlenia Herrera;802-0513;;;rcfatima52@yahoo.com;;1952;-88.7922639;17.2595782;Cayo;Rural;Primary;Catholic Schools;Government Aided;Marlenia Herrera;Ana Valladarez
P31401;Our Lady of Guadalupe RC Primary School;Altamira, Corozal Town;Emmanuel J. Gonzalez;605-7561;;;guadalupercschool@gmail.com;;1989;-88.3834572;18.4021551;Corozal;Rural;Primary;Catholic Schools;Government Aided;Emmanuel Gonzalez;
P21008;Our Lady of Guadalupe RC Primary-CYO;East Ring Road;Teresita Sosa;822-0781;615-9199;;info@ologrcprimary.edu.bz;;1998;-88.76365421;17.24926728;Cayo;Urban;Primary;Catholic Schools;Government Aided;Mrs. Margarita Martinez;Mrs. Teresita Sosa
P11202;Our Lady of Lourdes RC Primary;Maskall Village;German A. Ramirez;613-3128;;;olls_maskall@yahoo.com;;2014;-88.313076;17.881997;Belize;Rural;Primary;Catholic Schools;Government Aided;;
P61106;Our Lady of Sorrows R.C Primary;Dolores Village;Pablo Xi;661-0015;;;pablootoxha@gmail.com;;1980;-89.21158215;15.98958548;Toledo;Rural;Primary;Catholic Schools;Government Aided;Miguel Pan;Hermelinda Tush
P11403;Our Lady of the Way Primary;9 1/4 Miles Phillip Goldson Highway  Ladyville, Belize District;Denise Neal;637-8087;;;olowrc@hotmail.com;;1942;-88.297967;17.548532;Belize;Rural;Primary;Catholic Schools;Government Aided;Denise Neal;Doreth Alvarez
P19402;Pancotto Primary;Sand Hill Village  Belize District;Yolanda Davis;225-5143;;;pancottoprimarybz@gmail.com;;1954;-88.3686216;17.6308428;Belize;Rural;Primary;Methodist Protestant Schools;Government Aided;Yolanda Davis;
P30403;Paraiso Government Primary School;Paraiso Village;Mr. Joel Valdez;678-2741;;;paraiso.government.school@gmail.com;;1985;-88.39463336;18.40985129;Corozal;Rural;Primary;Government Schools;Government;;
P31408;Patchakan RC Primary School;Patchakan Village;Teobalda Ruiz;605-0740;666-7459;;patchakanrc@gmail.com;;2013;-88.47301758;18.40201008;Corozal;Rural;Primary;Catholic Schools;Government Aided;Teobalda Ruiz;Erlwin Quan
P18460;Pilgrim Fellowship Mennonite Primary;16 miles George Price Highway, Hattieville;Arlette Mossiah;611-6011;;;pilgrimfms23@gmail.com;;1974;-88.397733;17.452039;Belize;Rural;Primary;Mennonite Schools - Church Group;Private;Louis Ysaguirre;
P68401;Pine Hill Mennonite Community;Pine Hill Mennonite Community  Toledo District;Abraham Penner;;;;;;2006;-88.83112224;16.24699369;Toledo;Rural;Primary;Mennonite Schools - H&B;Private;David Wall;
P57201;Placencia Elementary Ltd. Primary;Sunset Point  Placencia Village  SC District;Lorette Logan;523-3828;628-4635;;llogan@peninsulaacademy.net;;2013;-88.3679543;16.5130961;Stann Creek;Rural;Primary;Private Schools;Private;Loretta Logan;Loretta Logan
P39450;Presbyterian Day Primary School;Cristo Rey Village /PO Box 274;;620-4591;;;trinbeth76@gmail.com;;1976;-88.49613895;18.34980796;Corozal;Rural;Primary;Presbyterian Schools;Government Aided;;
P31103;Progresso RC Primary School;Progresso Village;Blanca Cowo;665-3360;;;progresorc@yahoo.com;;2014;-88.40945715;18.23599445;Corozal;Rural;Primary;Catholic Schools;Government Aided;Blanca Cowo;Carolina Duran
P34403;Progresso Zills SDA Primary;Progresso Village, Corozal District;Wilbert Tamay;630-3500;625-7548;;zillssdaschool@gmail.com;;1973;-88.40501605;18.23560771;Corozal;Rural;Primary;Adventist Schools;Government Aided;Julio Contreras;
P63001;Punta Gorda Methodist Primary;Front Street, Punta Gorda Town;Florence Ramclam;702-2463;;;pgms2011@yahoo.com;;2014;-88.801299;16.101592;Toledo;Urban;Primary;Methodist Schools;Government Aided;Florence Ramclam;Doris Lopez
P27002;QSI International School of Belize;11/13 Dean Crescent  University Heights  Belmopan;Linda Souders;832-2666;;;linda-souders@qsi.org;www.qsi.org;2011;-88.761395;17.237347;Cayo;Urban;Primary;Private Schools;Private;Linda Souders;
P12004;Queen Square Anglican Primary;1 Armadillo Street, Belize City;Bernadine Conorquie;227-2478;;;queensquare@btl.net;;1967;-88.1944353;17.49048;Belize;Urban;Primary;Anglican Schools;Government Aided;Bernadine Conorquie;Josephine Gabourel
P19005;Queen Street Baptist Primary School;# 1 Corner Eve & Queen Street, Belize City;Patricia Wade;227-7626;632-5687;;qsbs2020@gmail.com;;1828;-88.183864;17.497816;Belize;Urban;Primary;Baptist Schools;Government Aided;Lavern Gillett;Karema Roca
P30404;Ranchito Government Primary School;Ranchito Village  Corozal District;Yesenia Tun;638-4645;;;ranchitogovt@gmail.com;;1972;-88.4122235;18.3796863;Corozal;Rural;Primary;Government Schools;Government;;
P25401;Raymond Sheppard Nazarene Primary School;Roaring Creek Village;Anna Serano;802-2947;615-3768;;raymondsheppardnazarene72@gmail.com;;2013;-88.7915227;17.2585413;Cayo;Rural;Primary;Nazarene Schools;Government Aided;Anna Arana;Brandon Lopez
P56302;Red Bank Christian School;Red Bank Village  Stann Creek District    Belize;Ofelia Chaic;655-0481;;;redbankchristian@gmail.com;;1983;-88.56008;16.61964;Stann Creek;Rural;Primary;Assemblies Of God Schools;Government Aided;ofelia chiac;Alberto Coc
P28401;Red Creek Mennonite Primary School;Esperanza Village  Red Creek   Cayo   Belize;Jonathan D Yoder;671-4460;;;redcreekprivateschool@gmail.com;;2014;-89.04976;17.17381;Cayo;Rural;Primary;Mennonite Schools - Church Group;Private;JD Yoder;
P51302;Richard Quinn RC Primary School;Georgetown Village;Desmond Ramirez;614-5811;;;richardquinnrc@gmail.com;;1995;-88.50952111;16.65261144;Stann Creek;Rural;Primary;Catholic Schools;Government Aided;Adette Garcia;
P28208;Riverside Primary School;Lower Barton Creek;Henry Reddicopp;;;;;;2014;-88.92960903;17.1486932;Cayo;Rural;Primary;Mennonite Schools - H&B;Private;;
P28102;Rose Glen Primary School;Route #40  Spanish Lookout  Cayo District;Betty Thiessen;650-0248;;;roseglenschool@gmail.com;;2000;-89.0116314;17.27268181;Cayo;Rural;Primary;Mennonite Schools - Spanish Lookout;Private;Betty Thiessen;
P58402;Rose Ville Community;Rose Ville Community;Mr. harder;;;;;;2013;-88.59272755;16.63897278;Stann Creek;Rural;Primary;Mennonite Schools - H&B;Private;Mr. Harder;
P51004;Sacred Heart RC Primary School;77 Sisters Of Holy Family Avenue;Loretta Lucas;522-3907;;;sacredheartschool1898@gmail.com;;1989;-88.22269528;16.9725543;Stann Creek;Urban;Primary;Catholic Schools;Government Aided;Philippa Hulett;Venice Lambey
P61105;Sacred Heart RC Primary School;Crique Sarco Village;Calistro Bo;653-4116;;;bocalistro4@gmail.com;;2013;-89.105606;15.984;Toledo;Rural;Primary;Catholic Schools;Government Aided;Calistro Bo;
P21005;Sacred Heart RC Primary School-CYO;Church Street, San Ignacio Town;Catherine Welch;824-2183;620-1028;;sacredheartprimary@yahoo.com;;2014;-89.07204999;17.15722596;Cayo;Urban;Primary;Catholic Schools;Government Aided;Catherine Welch;Brenda Chiac
P12304;Saint Agnes Anglican Primary School;La Democracia/Mahogany Heights;Stephen White;613-5845;;;stagnesanglicanschool@gmail.com;;1969;-88.55092;17.343375;Belize;Rural;Primary;Anglican Schools;Government Aided;Michelle Turton;
P51201;Saint Alphonsus RC Primary;Seine Bight Village;Lorris Moreira;665-3852;;;stalphonsusrc51201@gmail.com;;2013;-88.36658;16.56613;Stann Creek;Rural;Primary;Catholic Schools;Government Aided;Loris  Moreira;Monique Guzman
P22001;Saint Andrew Anglican Primary School;72 West Street, San Ignacio;Sharee Gutierrez;824-2991;601-4942;;st.andrews_anglican@yahoo.com;;2014;-89.07193407;17.162648;Cayo;Urban;Primary;Anglican Schools;Government Aided;Sharee Gutierrez;
P22002;Saint Ann's Anglican Primary School;Independence Park Area, Belmopan;Alexander Locario;802-0445;638-8786;;st.anna2017@gmail.com;;2008;-88.7686522;17.2498284;Cayo;Urban;Primary;Anglican Schools;Government Aided;Lizette James;Chantel Petzold
P51404;Saint Augustine RC Primary School;23 miles Hummingbird Highway;Ellorine Jackson;614-6054;;;staugustine231@gmail.com;;2014;-88.51212;17.02708;Stann Creek;Rural;Primary;Catholic Schools;Government Aided;Ernestine Jackosn;Lolrena Cruz
P22402;Saint Barnabas Anglican Primary School;Central Farm;Joyce Jones Hall;650-4668;601-9647;804-2726;stbarnabasanglican65@gmail.com;;1948;-89.00141388;17.1865311;Cayo;Rural;Primary;Anglican Schools;Government Aided;Joyce Hall;Nichelle Logan
P61003;Saint Benedict RC Primary;Toledo Hope/Indianville, Punta Gorda Town;Raymond Coleman;670-6471;;;school_st.benedict@yahoo.com;;2004;-88.8175708;16.104267;Toledo;Urban;Primary;Catholic Schools;Government Aided;Claret Jacobs;Zita Wewe Pate
P60105;Saint Cuthberts Primary School;Punta Negra Village;Joel Coc;663-5194;;;st.cuthbertgs@gmail.com;;2014;-88.544527;16.272939;Toledo;Rural;Primary;Government Schools;Government;Joel Coc;
P21407;Saint Edmund Campion Primary School;Teakettle Village;Gilbert Middleton;633-6406;633-0426;;stedmundcampion51@gmail.com;;1951;-88.8571977;17.2250142;Cayo;Rural;Primary;Catholic Schools;Government Aided;Esmeralda Can;Shalina Castana
P31002;Saint Francis Xavier Primary School;Corner 4th Avenue & 1st St. North;Mr. Jesus Babb/ Mr. Nestor Yam;422-2521;;;st.francisxavierschoolczl@gmail.com;;2014;-88.38581614;18.39089699;Corozal;Urban;Primary;Catholic Schools;Government Aided;;
P21408;Saint Francis Xavier RC Primary School-CYO;Esperanza Village,;Diana Askari;824-3155;601-1116;;stfrancisxaviercayo@gmail.com;;1950;-89.03596134;17.18062135;Cayo;Rural;Primary;Catholic Schools;Government Aided;Diana Askari (Principal);
P22401;Saint Hilda's Anglican Primary School;Georgeville Village;Jane Martinez;631-8724;804-4444;;sthildasanglican@gmail.com;;1996;-88.97925;17.19352;Cayo;Rural;Primary;Anglican Schools;Government Aided;Jane Martinez;Indira Spain
P11007;Saint Ignatius RC Primary School;75 Euphrates Avenue, Belize City;Lureen Ciego;227-0058;;;nashusschool@gmail.com;;1925;-88.19226641;17.49181137;Belize;Urban;Primary;Catholic Schools;Government Aided;Oren Romero;Lureen Ciego
P61103;Saint John the Baptist RC Primary School;Conejo Creek Village;Anthony Fuentes;629-2440;;;anthonyfuentes01@gmail.com;;2014;-89.001404;16.047898;Toledo;Rural;Primary;Catholic Schools;Government Aided;Daniel Ishim;
P11008;Saint John Vianney Primay School;289 Fabers Road, Belize City;Ruth Usher;227-4844;;;stjohnvianneyrcschool@gmail.com;;1984;-88.19853386;17.48762349;Belize;Urban;Primary;Catholic Schools;Government Aided;Ruth Usher;Felix Sutherland
P12006;Saint John's Anglican Primary School;1 Amara Avenue;Darlene Belgrave;227-3410;;;stjohnsanglicanprimary@btl.net;;1900;-88.19240187;17.48887096;Belize;Urban;Primary;Anglican Schools;Government Aided;Darlene Belgrave;Claudette Reyes
P52201;Saint John's Memorial Anglican Primary School;Placencia Village;Marita Rowland;523-3170;610-6502;;st.johnsmemorial@gmail.com;;2014;-88.3702958;16.5212091;Stann Creek;Rural;Primary;Anglican Schools;Government Aided;Stephen Whyte;Marita Rowland
P21403;Saint Joseph RC - Cotton Tree;Cotton Tree Village, Cayo District;Joycelyn Coleman;627-8928;630-1428;802-0252;stjosephrc.school@gmail.com;;2013;-88.71113398;17.27624414;Cayo;Rural;Primary;Catholic Schools;Government Aided;Joycelyn Coleman;Carolina Martinez
P11011;Saint Joseph RC Primary;3 St. Joseph & Simon Lamb Streets;Claudia Avilez;223-1772;;;stjosephrcschool@yahoo.com;;2014;-88.19197912;17.50412008;Belize;Urban;Primary;Catholic Schools;Government Aided;;
P61102;Saint Joseph RC Primary School;Barranco Village;Loma Rodriguez;608-9165;;;lomarodriguez@yahoo.com;;1943;-88.918495;15.999285;Toledo;Rural;Primary;Catholic Schools;Government Aided;Loma Rodriguez;
P21103;Saint Joseph RC-Duck Run 2;Duck Run 2, Spanish Lookout;David Cabb Jr.;620-8869;;;stjosephdr2@yahoo.com;;1984;-89.02372167;17.24210234;Cayo;Rural;Primary;Catholic Schools;Government Aided;David Cabb Jr.;
P51403;Saint Jude RC Primary School;Maya Center Village  15 Miles, southern Highway  Stann Creek;Sadie Coleman;635-6561;;;stjude.mayacenter@gmail.com;;2014;-88.3814957;16.7983079;Stann Creek;Rural;Primary;Catholic Schools;Government Aided;Liberato Saqui;Edwardo Pop
P21402;Saint Jude RC Primary School-CYO;Camalote Village;Shevon Ramirez;614-9707;;;st.juderc.school@gmail.com;;1992;-88.8248689;17.243563;Cayo;Rural;Primary;Catholic Schools;Government Aided;Shevon Ramirez;Salamarie Longsworth
P13004;Saint Luke Methodist Primary;Mahogany Street, Belize City;Jacqueline Linch;222-4301;;;stlukebz@yahoo.com;;2014;-88.20008709;17.50100318;Belize;Urban;Primary;Methodist Schools;Government Aided;Mrs. Jacqueline Lynch;
P21406;Saint Margaret Mary RC Primary School;St. Margaret Village, Mile 32 Hummingbird Highway, Cayo Dist;Mrs. Patricia Perez;636-6641;;;stmargaretmaryrcschool@gmail.com;;1991;-88.61246113;17.08976851;Cayo;Rural;Primary;Catholic Schools;Government Aided;Patricia Perez;Marcos Ad
P28402;Saint Margaret's Christian Day Primary;St. Margaret Village,  Cayo District;Victor Barrera;635-5249;;;septemberof2012@gmail.com;;2021;-88.61173062;17.08904396;Cayo;Rural;Primary;Mennonite Schools - Church Group;Private;Laban Kropf;Benjamin Schrock
P61110;Saint Mark's RC Primary School;Otoxha Village;Olario Ical;;;;stmarks1960@gmail.com;;2014;-89.18041;16.02241;Toledo;Rural;Primary;Catholic Schools;Government Aided;;
P11012;Saint Martin de Porres Primary School;Partridge Street, Belize City;Dawn Wade;675-4457;;;st.martindeporresschool@gmail.com;;1966;-88.20095059;17.49932701;Belize;Urban;Primary;Catholic Schools;Government Aided;Anne Palacio;Teresita Tillett
P21409;Saint Martin De Porres RC Primary School-CYO;Blackman Eddy Village;Sandra Cocom;676-9585;;;stmartindeporrc@yahoo.com;;2014;-88.91261328;17.22512812;Cayo;Rural;Primary;Catholic Schools;Government Aided;Bartolo Tuyub;Sandra Cocom
P20402;Saint Martin's Government Primary School;Cemetery Road, Salvapan  City of Belmopan;Mrs. Margaret Enriquez;822-1017;;;stmartinsgov@btl.net;;1985;-88.75874;17.251379;Cayo;Rural;Primary;Government Schools;Government;Margaret Enriquez;Pedro Cano
P12008;Saint Mary's Anglican Primary School;1 Angel Lane, Belize City;Rae Elizabeth Garay;207-3352;;;stmarys329@gmail.com;;1994;-88.18431715;17.49564532;Belize;Urban;Primary;Anglican Schools;Government Aided;Rae Garay (Principal);Carol Flowers (VP)
P52402;Saint Matthew's Anglican Primary School;Pomona Village;Anna Mae Ferguson;502-3589;;;stmatthew.anglican3589@gmail.com;;2014;-88.36676786;16.99555047;Stann Creek;Rural;Primary;Anglican Schools;Government Aided;Annamay Ferguson;Alexander Gonzales
P20403;Saint Matthew's Government Primary School;38 miles George Price Highway;Shakeyra Berry;610-9234;636-2292;;smgovtschool@yahoo.com;;2014;-88.64609264;17.27657462;Cayo;Rural;Primary;Government Schools;Government;Michelle  Murray;Shakeyra Berrry
P21404;Saint Michael RC Primary;Monja Blanca St.,   Las Flores  Belmopan;Joan Sanchez;662-4369;629-2540;;stmichaelrc85@gmail.com;;1985;-88.77944361;17.23463967;Cayo;Urban;Primary;Catholic Schools;Government Aided;Joan Sanchez;Maria Elsa Reyes Cruz
P41203;Saint Michael RC Primary;San Felipe Village;Armando Peralta ( Acting Pr.Pablo Peralta);636-1832;662-7908;;stmichaelow@gmail.com;;2014;-88.77296322;17.8729365;Orange Walk;Rural;Primary;Catholic Schools;Government Aided;;
P21106;Saint Oscar Romero RC Primary School;Valley of Peace Village;Judith Melgar;665-7701;809-2009;;monsignorromerorc@gmail.com;;1982;-88.8348297;17.3363676;Cayo;Rural;Primary;Catholic Schools;Government Aided;Mr. Johnny H. Valencia;Miss Judith Melgar
P32001;Saint Paul's Anglican Primary School;Corner 4th Avenue & 5th St. South;Nancy Z Aguilar;610-2194;;;stpaulsanglicanschool@gmail.com;;2015;-88.38893;18.38881;Corozal;Urban;Primary;Anglican Schools;Government Aided;;
P61408;Saint Paul's RC Primary School;San Pablo Village, Toledo District;Pablo Acal;674-5857;;;stpaulrcsp@gmail.com;;2014;-88.57989;16.61176;Toledo;Rural;Primary;Catholic Schools;Government Aided;Juan Sho;Cristino Acal
P61002;Saint Peter Claver Primary School;60 Main Street, Punta Gorda Town;Sharon Lucas;702-2027;;;peterclaverschool@yahoo.com;;1862;-88.805684;16.097638;Toledo;Urban;Primary;Catholic Schools;Government Aided;Telesforo Paquiul;Cindy Martinez
P42001;Saint Peter's Anglican Primary School;9 St. Peter's Street, OW Town;Rossana Brieno;322-2160;;;stpeteranglicanschool@gmail.com;;2014;-88.561989;18.082147;Orange Walk;Urban;Primary;Anglican Schools;Government Aided;Rossana Briceno;Francelia Cantun
P62102;Saint Stephen's Anglican Primary School;Monkey River Village;Kasia Gordon;662-1117;636-0436;;ststephensanglican8@gmail.com;;2014;-88.48554268;16.36225527;Toledo;Rural;Primary;Anglican Schools;Government Aided;Kasia Gordon;Keely Flowers
P11404;Saint Therese RC Primary School;Burrell Boom Village;Marika Baizer;615-0818;;;st.thereseromancatholic@gmail.com;;2006;-88.40152158;17.56883699;Belize;Rural;Primary;Catholic Schools;Government Aided;Evadney Young;Marika Baizar
P21411;Saint Vincent Pallotti RC  Primary School;Unitedville Village  Cayo District;Luis Oliva;671-4315;670-4543;;stvincent.pallotti@yahoo.com;;2014;-88.94246;17.20926;Cayo;Rural;Primary;Catholic Schools;Government Aided;Luis Oliva (Principal);Yesenia Altamirano
P30405;San Antonio Government Primary School;San Antonio Village;Nicasio Gonzalez;604-6277;;;sanantonio.gov.school@gmail.com;;2014;-88.39945084;18.40240233;Corozal;Rural;Primary;Government Schools;Government;Nicasio Gonzalez;
P41202;San Antonio RC Primary School;San Antonio Rio Hondo;Anita Colindres;660-4411;6343651;;sanantonioriohondorc20@gmail.com;;1935;-88.67571368;18.13153996;Orange Walk;Rural;Primary;Catholic Schools;Government Aided;;
P21202;San Antonio RC Primary School-CYO;San Antonio Village;Ismael G. Mai;650-6846;;;sanantoniorc16@gmail.com;;1950;-89.02133539;17.07892029;Cayo;Rural;Primary;Catholic Schools;Government Aided;Ismael Mai (Principal);Clifford Coc (Teacher)
P29201;San Antonio United Pentecostal Primary School;San Antonio Village;Arcelito Mai;661-8106;;;unitedpentecostalschool@yahoo.com;www.ups.edu.bz;1992;-89.02493529;17.08143009;Cayo;Rural;Primary;United Pentecostal Schools;Government Aided;Arcelito Mai (Principal);Carlos Cisneros (VPrincipal)
P61111;San Benito Poite RC Primary;San Benito Poite Village;Manuel Canti;635-2656;;;sanbenitopoitercs@gmail.com;;1973;-89.193061;16.112779;Toledo;Rural;Primary;Catholic Schools;Government Aided;Domingo Teck;
P40105;San Carlos Government Primary;San Carlos Village;Romelio Can;669-0487;;;sancarlosgovt@gmail.com;;1992;-88.6545792;17.71818396;Orange Walk;Rural;Primary;Government Schools;Government;;
P41404;San Estevan RC Primary;San Estevan Village;Leticia Perez;323-4095;;;sanestevanrcs@gmail.com;;2014;-88.51120427;18.14988835;Orange Walk;Rural;Primary;Catholic Schools;Government Aided;Leticia Perez;Jorge Gutierrez
P60202;San Felipe Government Primary;San Felipe Village;Everaldo Garcia;632-2343;;;sanfelipeschool@gmail.com;;2014;-88.908473;16.132167;Toledo;Rural;Primary;Government Schools;Government;Everaldo Garcia;Caida Nunez
P61203;San Francisco de Jeronimo Primary;Pueblo Viejo Village  Toledo District  Belize Central America;Stephen Anthony Sho;661-5993;;;sanfranciscodjrcs@gmail.com;;1952;-89.139379;16.207806;Toledo;Rural;Primary;Catholic Schools;Government Aided;Stephen Anthony Sho;
P41004;San Francisco RC Primary;8 Price Avenue  Orange Walk Town;Mrs. Teodora Senaida Toledano;302-2374;;;sanfranrc@hotmail.com;;1979;-88.56684802;18.08217814;Orange Walk;Urban;Primary;Catholic Schools;Government Aided;;
P60109;San Isidro Government Primary;San Isidro Village;Jose Funez;628-8400;;;sanisidroprimary@gmail.com;;2012;-88.54402495;16.50802041;Toledo;Rural;Primary;Government Schools;Government;Mrs. Anselma Woolery;Mr. Abel Pop
P31409;San Joaquin RC Primary School;San Joaquin Village, Ml. 79 Phillip Goldson Highway;Dianira Escalante Moh;423-0057;621-0085;;sanjaoquinrcs@gmail.com;;2014;-88.44273109;18.34877894;Corozal;Rural;Primary;Catholic Schools;Government Aided;;
P40403;San Jose Government Primary;San Jose Village;Omar Cabrera;637-9290;614-9291;;sanjosegov@gmail.com;--;2014;-88.56918512;18.19686419;Orange Walk;Rural;Primary;Government Schools;Government;;
P41405;San Jose Nuevo Palmar RC Primary;San Jose Nuevo, Palmar;Carmen Vioney  Guerra;322-0192;;;vioneyguerra@gmail.com;;2014;-88.56682743;18.06054628;Orange Walk;Rural;Primary;Catholic Schools;Government Aided;Carmen Vioney Guerra;Laura Cantun
P61112;San Jose RC Primary;San Jose Village;Midonio Cal;650-7921;;;sanjosercschool@gmail.com;;1954;-89.094874;16.265834;Toledo;Rural;Primary;Catholic Schools;Government Aided;Midonio Cal;Richard Peck
P21410;San Jose Succotz RC Primary;San Jose Succotz Village  San Jose Succotz  Cayo District  Belize, C.A.;Jenri Castanaza;626-5167;;;mayololu@yahoo.com;;2001;-89.1270446;17.0840244;Cayo;Rural;Primary;Catholic Schools;Government Aided;Teodora Teul (Principal);Jorge Ayala (V- Principal)
P51301;San Juan Bosco Primary School;Cow Pen/San Juan Village;Victor Juarez;614-4290;;;sjboscorc@gmail.com;;2014;-88.5225968;16.56906681;Stann Creek;Rural;Primary;Catholic Schools;Government Aided;Terri Wesby Langford;Zabdiel Martinez
P49401;San Lazaro Methodist Primary;San Lazaro Village;Heidi Mohuel Heredia;631-3267;;;richiewicab39@gmail.com;;2014;-88.6604248;18.03806787;Orange Walk;Rural;Primary;Methodist Protestant Schools;Government Aided;Elsie Cordova;Porfirio Mai
P41406;San Lazaro RC Primary;San Lazaro Village;Dalia Gonzalez;650-4693;;;dalmargonzalez@yahoo.com;;2014;-88.66156877;18.0389503;Orange Walk;Rural;Primary;Catholic Schools;Government Aided;;
P61119;San Lucas RC Primary;San Lucas Village  Toledo District;Berrisford Cal;613-0040;;;sanlucasrcschool@gmail.com;;1996;-89.098857;16.079023;Toledo;Rural;Primary;Catholic Schools;Government Aided;Nestor Assi;
P41407;San Luis RC Primary;San Luis Village;Sergio Chi;671-8700;;;chisergio00@gmail.com;;2014;-88.6033673;18.19559373;Orange Walk;Rural;Primary;Catholic Schools;Government Aided;Sergio Chi;Marianela Uk
P61404;San Luis Rey RC Primary;San Antonio Village;Louis Chun;636-6902;;;louischub@yahoo.com;;1949;-89.02592314;16.2438451;Toledo;Rural;Primary;Catholic Schools;Government Aided;Mr.Louis Chub;Zita Arzu
P61113;San Marcos RC Primary;Toledo;Estevan Ico;606-1768;;;icoestevan@gmail.com;;2014;-88.903861;16.215832;Toledo;Rural;Primary;Catholic Schools;Government Aided;Estevan Ico;Licela Cho
P21107;San Marcos RC Primary-CYO;San Marcos, Spanish Lookout;Immanuel Cabb;669-6848;;;sanmarcoscyo@gmail.com;;2000;-88.97949083;17.26439879;Cayo;Rural;Primary;Catholic Schools;Government Aided;Adan Barrera (Principal);Diana Chinchilla
P61405;San Miguel RC Primary;San Miguel Village  Toledo;Leonardo Cal;615-4937;;;sanmiguelrcschool20@gmail.com;;2014;-88.933802;16.293903;Toledo;Rural;Primary;Catholic Schools;Government Aided;Leonard Cal;
P31410;San Narciso RC Primary;San Narciso Village;Gregorio Moralez;403-3810;622-8748;;san.narciso.rc@gmail.com;;1954;-88.5245933;18.3015616;Corozal;Rural;Primary;Catholic Schools;Government Aided;Leticia Moralez;
P40406;San Pablo Government Primary;San Pablo Village;Jose Moralez;634-4853;;;jdmlz71@yahoo.com;;1995;-88.56616715;18.21294123;Orange Walk;Rural;Primary;Government Schools;Government;Jose Moralez;
P41408;San Pablo RC Primary;San Pablo Village;Flor Blanco;651-2607;;;blancoflor47@gmail.com;;2014;-88.567178;18.2064422;Orange Walk;Rural;Primary;Catholic Schools;Government Aided;Flor Blanco;Melanie Stevenson
P61406;San Pedro Columbia RC Primary;San Pedro Columbia Village;Daniel Palma;611-8435;;;sanpedrocolumbiarc@gmail.com;;2014;-88.9574563;16.2715188;Toledo;Rural;Primary;Catholic Schools;Government Aided;Floriano Chun;Daniel Palma
P30406;San Pedro Government Primary;San Pedro Village;Abner Bobadilla;652-4538;;;sanpedro_gov09@yahoo.com;;1972;-88.4941397;18.3387883;Corozal;Rural;Primary;Government Schools;Government;;
P11004;San Pedro RC Primary;Corner Barrier Reef Drive & Tarpon Street;Roxani Kay;226-2550;;;sanpedrorcschool@yahoo.com;;1964;-87.963401;17.917537;Belize;Urban;Primary;Catholic Schools;Government Aided;;
P41204;San Roman RC Primary;San Roman Rio Hondo;Nellie Toledano (principal), Shahira Lara (vice-principal);606-4392;;;sanromanrcs.ow@gmail.com;https://www.facebook.com/SanRomanRCSchool;2014;-88.64116966;18.1920356;Orange Walk;Rural;Primary;Catholic Schools;Government Aided;;
P61114;San Vicente RC Primary;San Vicente Village;Ricardo Coc;601-9057;;;sanvicentercschool@gmail.com;;2014;-89.199978;16.239615;Toledo;Rural;Primary;Catholic Schools;Government Aided;Ricardo Coc;
P31411;San Victor RC Primary;San Victor Village;Romiro Arthuro Castillo;664-1045;;;svictorrcschool2@gmail.com;;1965;-88.57569464;18.26100978;Corozal;Rural;Primary;Catholic Schools;Government Aided;;
P57101;Sandy Creek Academy Primary;Mile 7, Southern Highway  Silk Grass  Stann Creek;Dr. Henry Canton;;;;;;2023;-88.337766;16.888729;Stann Creek;Rural;Primary;Private Schools;Private;;
P60204;Santa Ana Government School;Santa Anna Village;Howard Reyes;655-3310;;;santaanagovernment@gmail.com;;2014;-88.953262;16.109247;Toledo;Rural;Primary;Government Schools;Government;Howard Reyes;
P34410;Santa Clara SDA Primary School;Santa Clara Village;Urbano Yah;674-5800;;;santaclarasdaschool19@gmail.com;;1950;-88.50938;18.29511;Corozal;Rural;Primary;Adventist Schools;Government Aided;Alvaro Tzul;
P31412;Santa Clara/San Roman RC Primary;Santa Clara/San Roman Villages;Humberto Juarez;620-0775;;;scsr1952@gmail.com;;1952;-88.50876282;18.29669215;Corozal;Rural;Primary;Catholic Schools;Government Aided;;
P40102;Santa Cruz Government Primary;Santa Cruz Village;Yolanda Novelo;624-9222;660-7148;;santacruzgov79@gmail.com;;2014;-88.7086599;18.1138973;Orange Walk;Rural;Primary;Government Schools;Government;;
P20006;Santa Cruz Government Primary;Santa Cruz. Santa Elena;;671-0971;;;;;2021;-89.05149304;17.15926993;Cayo;Urban;Primary;Government Schools;Government;Abelina Gonzalez;
P50105;Santa Cruz Government Primary School;Santa Cruz Village  Stann Creek;Giselle Serano Gamboa;613-4499;672-2175;;santacruzgovernment2020@gmail.com;;2017;-88.42847;16.69997;Stann Creek;Rural;Primary;Government Schools;Government;Chloe Crawford;
P61115;Santa Cruz RC Primary;Santa Cruz Village;Zita Sho-Bol;635-9513;;;santacruzrc2013@gmail.com;;2014;-89.077084;16.233619;Toledo;Rural;Primary;Catholic Schools;Government Aided;Zita Sho-Bol;Locario Che
P29003;Santa Elena Baptist Primary;Bradley Bank, Santa Elena;Maria Martinez;613-0580;;;baptistprimary2013@gmail.com;;2013;-89.06293;17.16207;Cayo;Urban;Primary;Baptist Schools;Government Aided;Ana Hulse;Michel Hyde
P61116;Santa Elena RC Primary;Santa Elena Village;Diane Teul;613-6222;;;dianeteul16@gmail.com;;2014;-89.108217;16.229817;Toledo;Rural;Primary;Catholic Schools;Government Aided;Diane Teul;
P21007;Santa Elena RC Primary-CYO;Perez Street, Santa Elena;Andrea Guerra;824-2919;;;santaelenaschool@yahoo.com;;2014;-89.05920476;17.16585938;Cayo;Urban;Primary;Catholic Schools;Government Aided;Manuel Medina;Elizabeth Shol
P21301;Santa Familia RC Primary;Santa Familia Village;Estevan Donicio Escobar;650-5942;662-7140;;santafamiliaschool72@hotmail.com;;1958;-89.07090356;17.18958469;Cayo;Rural;Primary;Catholic Schools;Government Aided;Estevan Escobar (Principal),Estevan Escobar (Principal);Wendell (Wardell) Pook (Teacher),Wendell (Wardell) Pook (Teacher)
P40103;Santa Martha Government Primary;Santa Martha Village;Seleni Grajales;605-7513;;;selenigrajales@gmail.com;;2014;-88.50202443;18.01564334;Orange Walk;Rural;Primary;Government Schools;Government;;
P36401;Santa Rita Christian Primary;Santa Rita Layout;Rangel Tzul;636-4911;;;santaritasembliesofgod@gmail.coom;;1982;-88.39524163;18.40318903;Corozal;Urban;Primary;Assemblies Of God Schools;Government Aided;;
P61117;Santa Teresa RC Primary;Santa Teresa Village;Juan Chub;661-5869;601-1541;;santateresarc2021@gmail.com;;2014;-89.053362;16.13597;Toledo;Rural;Primary;Catholic Schools;Government Aided;Juan Chub;
P31104;Sarteneja La Inmaculada RC Primary School;Primitivo Aragon Avenue,  Sarteneja Village,  Corozal District,  Belize;Evelio Tzul;633-1371;;;sarteneja.inmaculada@gmail.com;;1948;-88.138155;18.3540657;Corozal;Rural;Primary;Catholic Schools;Government Aided;;
P35101;Sarteneja Nazarene Primary;Sarteneja Village  Corozal District;Mario Mora Jr;615-5221;;;sartenejanazarene@gmail.com;;1987;-88.1418114;18.3552006;Corozal;Rural;Primary;Nazarene Schools;Government Aided;;
P28106;Seven Miles Christian School;7 Miles Mountain Pine Ridge Rd;James Eicher;660-8821;;;bmctdev@gmail.com;;2015;-88.95534598;17.10639384;Cayo;Rural;Primary;Mennonite Schools - Church Group;Private;Stephen Schrock;James Eicher
P48401;Shalom Mennonite Primary School;Carmelita Village, Orange Walk;David Steinhaver;630-7022;;;shalomschoolbz@gmail.com;;2014;-88.54199195;18.01185113;Orange Walk;Rural;Primary;Mennonite Schools - Church Group;Private;;
P54101;Shiloh SDA Primary School;Hercules Ave., Independence Village;Nordia Diego;667-8808;638-8808;;shilohadventistscd@gmail.com;;1989;-88.41591046;16.53742191;Stann Creek;Rural;Primary;Adventist Schools;Government Aided;Marva Bennett Awardo;Shaina  Burgess
P48201;Shipyard Mennonite Community Primary School;-;;;;;;;2014;-88.67620918;17.91826087;Orange Walk;Rural;Primary;Mennonite Schools - H&B;Private;;
P53402;Silk Grass Methodist Primary School;Silk Grass Village;Terrence Salam;672-4868;;;silkgrassmethodistschool@gmail.com;;2014;-88.33807126;16.88601661;Stann Creek;Rural;Primary;Methodist Schools;Government Aided;Kevin Brooks;Luis Perez
P61205;Silver Creek RC Primary School;Silver Creek Village;Luis Alvin Cal;631-1765;;;silvercreekrc@gmail.com;;2014;-88.890458;16.279107;Toledo;Rural;Primary;Catholic Schools;Government Aided;Luis Alvin Cal;Consuela Choco
P53201;Sittee River Methodist Primary;Sittee River Village;Stacy Andrews;614-8965;;;sitteerivermethodistschool@gmail.com;;2014;-88.3207051;16.821919;Stann Creek;Rural;Primary;Methodist Schools;Government Aided;Sylvia Sabal;Neckesha Pratt
P56001;Solid Rock Christian Academy;Rivas Estate, Dangriga;Mrs.Ysela Aleman;522-0776;;;sradga@yahoo.com;;1999;-88.22855755;16.95860631;Stann Creek;Urban;Primary;Assemblies Of God Schools;Government Aided;Mrs. Shannon Martinez,Mrs. Shannon Martinez;Ms. Danelly Nah,Ms. Danelly Nah
P44001;Solomon's SDA Primary;Palmar Boundary Road;Sheryl Distan;668-7846;;;solomonssdaprincipal@gmail.com;;2014;-88.57057363;18.06702095;Orange Walk;Urban;Primary;Adventist Schools;Government Aided;;
P28101;Spanish Lookout Mission Primary School;Spanish Lookout;Marvin Plett;670-5323;670-3172;675-9090;calvin@diversetrades.com;;2013;-89.0133827;17.28878815;Cayo;Rural;Primary;Mennonite Schools - Spanish Lookout;Private;Calvin Reimer;Ricky Reimer
P10001;Stella Maris Special Education and Life Skills Learning Center;Princess Margaret Drive, Belize City;Francelia  Cantun;224-4564;;;stellamarisbz@yahoo.com;;1958;-88.19594997;17.50525551;Belize;Urban;Primary;Government Schools;Government;;
P61118;Sunday Wood RC Primary School;Sunday Wood Village;Daniel Ishim;661-9695;626-0870;;sundaywoodrc@gmail.com;;2014;-89.033344;16.038796;Toledo;Rural;Primary;Catholic Schools;Government Aided;Anthony Fuentes;
P28201;Sunlight Christian Education;Across from FTC  P.O. Box 401  Spanish Lookout  Cayo District;Steven Braun;615-2531;;;sceprimary@gmail.com;;1958;-89.00171538;17.25223422;Cayo;Rural;Primary;Mennonite Schools - Spanish Lookout;Private;John Lowen;Orlando Braun
P58403;Sunrise View School;14 miles Pomona Village Stann Creek;;;;;;;2023;0;0;Stann Creek;Rural;Primary;Mennonite Schools - H&B;Private;;
P28204;Sunshine Valley Primary School;Upper Barton Creek;Mr. Monroe Penner;;;;;;2024;-88.75815;17.96816;Cayo;Rural;Primary;Mennonite Schools - Church Group;Private;Monroe Penner;
P17004;The Island Academy Primary School;Mahogany Bay, PO Box 137, San Pedro Town;Lady Dixie W. Bowen;226-3642;;;islandacad@gmail.com;www.theislandacademy.com;1995;-87.967211;17.914185;Belize;Urban;Primary;Private Schools;Private;Lady Dixie W. Bowen;Wilema Gonzalez
P19006;The Salvation Army Primary School;12 Cemetery Road, Belize City;Carol Martin;207-2156;636-4711;628-3365;thesalvationarmy.sch@gmail.com;;2014;-88.19011456;17.4948832;Belize;Urban;Primary;Salvation Army Schools;Government Aided;;
P27001;The Shepherds Academy Primary;Riviera Road, Belmopan;Carla Marin/ Pastor Jose Marin - Diana Giesbrecht;842-2113;615-6030;610-4279;theshepherdsacademy@gmail.com;theshepherdsacademy.com;2008;-88.78651582;17.25017344;Cayo;Urban;Primary;Private Schools;Private;Diana Giesbrecht;Pastor Jose Marin
P67401;Toledo Christian Academy Primary School;8.5 miles San Antonio Road, Yemeri Grove;Charlston Fisher;722-0256;663-0102;;toledochristianacademy@gmail.com;;1994;-88.88914869;16.16210805;Toledo;Rural;Primary;Private Schools;Private;Edwardo Chub;
P67101;Toledo Learning Center;9.5 Miles Old San Antonio Road;Alma Zuniga;;;;;;2022;-89.03038135;16.24675147;Toledo;Rural;Primary;Private Schools;Private;;
P40405;Trial Farm Government Primary School;Orange Walk;Nazira Romero;322-2481;;;trialfarmgovtsch@gmail.com;;1984;-88.56322477;18.09814363;Orange Walk;Rural;Primary;Government Schools;Government;Nazira Romero;Susana Nicholson
P40404;Trinidad Government Primary;Trinidad Village;Victoria Carrilo;661-5747;;;trinidadgovschool@gmail.com;;2014;-88.56340216;18.09826674;Orange Walk;Rural;Primary;Government Schools;Government;;
P13005;Trinity Methodist Primary School;5 G Street, King's Park, Belize City;Jamael Campbell;223-1096;;;trinitymethodistschool@gmail.com;https://www.facebook.com/Trinity-Methodist-School-2055173154721574/;1989;-88.19171817;17.50994269;Belize;Urban;Primary;Methodist Schools;Government Aided;Brendalee Enriquez;Alice Middleton
P60107;Trio Government Primary School;Trio Village, Toledo District;Anselma Woolery;673-9525;671-3426;;triogovernment2001@gmail.com;;2001;-88.636284;16.5156931;Toledo;Rural;Primary;Government Schools;Government;Adon arzu;Eric Gutierrez
P29004;UB Academy Primary School;Belmopan;Thisbe Lucas-Usher;;;;;;2024;0;0;Cayo;Urban;Primary;University of Belize;Government Aided;;
P28001;United Christian Mennonite Primary School;New Santa Cruz Area, Santa Elena;Louis H. Ysaguirre;654-4927;;;unitedchristianschoolbz@gmail.com;;2014;-89.0543812;17.1623676;Cayo;Urban;Primary;Mennonite Schools - Church Group;Private;Craig Steiner (Principal);Jansen Overholt (Teacher)
P50104;United Community Primary;Mile 26 1/2 Southern Highway  Santa Rosa/ San Roman Village;Sylvia Ogaldez;662-1770;;;unitedcommunity.primary@gmail.com;;2014;-88.4706642;16.6574202;Stann Creek;Rural;Primary;Government Schools;Government;Anthony A. Zuniga;Delia Cardona
P20002;United Evergreen Primary;Ambergris Caye  Belmopan;Mrs. Rosalie Witty;822-2288;;;unitedevergreenpr@yahoo.com;;2014;-88.76668934;17.25241865;Cayo;Urban;Primary;Government Schools;Government;Rosalie Witty;Joel Flores
P19007;Unity Presbyterian Primary;109 A Antelope Extension;Dalila Makhwani;606-6543;615-7804;;unitypresbyterian71@yahoo.com;;2007;-88.20656984;17.49697505;Belize;Urban;Primary;Presbyterian Schools;Government Aided;;
P26101;Valley of Peace Christian Primary School;PO Box 501, Belmopan/Valley of Peace;Jesus Catzim;651-5686;;;valleychristian.ag@gmail.com;;1986;-88.83483796;17.33256207;Cayo;Rural;Primary;Assemblies Of God Schools;Government Aided;Modesto Duenas;Edras Navarro
P25402;Victorious Nazarene Primary School;SanJose Succotz;Shirley Humes;627-3084;660-5689;;principal@vns.edu.bz;vns.edu.bz;2002;-89.1242145;17.0786647;Cayo;Rural;Primary;Nazarene Schools;Government Aided;Shirley Humes;
P13006;Wesley Lower Primary School;38 Albert Street, Belize City;Natalie Phillips;227-3931;227-3288;631-0765;wesleylower1913@gmail.com;;1913;-88.18768355;17.49112395;Belize;Urban;Primary;Methodist Schools;Government Aided;Darlene Lozano;
P13008;Wesley Upper Primary School;44 Dolphin Street, Belize City;Nicole Welch Middleton;227-2921;672-2789;;wesleyupperschool@gmail.com;;1913;-88.1948254;17.4902671;Belize;Urban;Primary;Methodist Schools;Government Aided;Nicole Welch Middleton;
P28202;Wispering Pines Mennonite Primary;Springfield   Cayo District;;;;;;;2014;-88.80861581;17.14449247;Cayo;Rural;Primary;Mennonite Schools - H&B;Private;Ivan Martin;Andrew Beiler
P31413;Xaibe RC Primary School;Xaibe Village;Margaret Carr;623-6396;403-5226;;xaibercs@gmail.com;;1930;-88.43043873;18.38767595;Corozal;Rural;Primary;Catholic Schools;Government Aided;;
P41409;Yo Creek Sacred Heart RC Primary School;Yo Creek Village;Maria Antonita Novelo;323-2076;;;novelopechmaria@gmail.com;;1910;-88.6367919;18.0908838;Orange Walk;Rural;Primary;Catholic Schools;Government Aided;;
P13202;Zion Park Methodist Primary School;Santana Village, Belize District;Erminda Reid;613-5809;;;zpms52@gmail.com;;1952;-88.309915;17.814806;Belize;Rural;Primary;Methodist Schools;Government Aided;Erminda Reid;
P54001;Zion SDA Primary School;90 St. Vincent Street, Dangriga Town;Emilia Montejo;502-2741;614-3092;;zsdaschool2014@gmail.com;;1972;-88.22070717;16.96474198;Stann Creek;Urban;Primary;Adventist Schools;Government Aided;Emilia Montejo;Mario Bull
